--
-- PostgreSQL database dump
--

\restrict KWBJcfmaRoKPkHzrpY0OuXsmwdxhJRTYtXFRocQ2rm5F2x2KJ8nZrmgsLv9pNaV

-- Dumped from database version 18.4 (Ubuntu 18.4-1.pgdg24.04+1)
-- Dumped by pg_dump version 18.4 (Ubuntu 18.4-1.pgdg24.04+1)

SET statement_timeout = 0;
SET lock_timeout = 0;
SET idle_in_transaction_session_timeout = 0;
SET transaction_timeout = 0;
SET client_encoding = 'UTF8';
SET standard_conforming_strings = on;
SELECT pg_catalog.set_config('search_path', '', false);
SET check_function_bodies = false;
SET xmloption = content;
SET client_min_messages = warning;
SET row_security = off;

SET default_tablespace = '';

SET default_table_access_method = heap;

--
-- Name: bitacora; Type: TABLE; Schema: public; Owner: postgres
--

CREATE TABLE public.bitacora (
    id integer NOT NULL,
    nombre character varying(50) NOT NULL,
    descripcion character varying(500),
    fecha date,
    sub_tarea_id bigint NOT NULL
);


ALTER TABLE public.bitacora OWNER TO postgres;

--
-- Name: bitacora_id_seq; Type: SEQUENCE; Schema: public; Owner: postgres
--

CREATE SEQUENCE public.bitacora_id_seq
    AS integer
    START WITH 1
    INCREMENT BY 1
    NO MINVALUE
    NO MAXVALUE
    CACHE 1;


ALTER SEQUENCE public.bitacora_id_seq OWNER TO postgres;

--
-- Name: bitacora_id_seq; Type: SEQUENCE OWNED BY; Schema: public; Owner: postgres
--

ALTER SEQUENCE public.bitacora_id_seq OWNED BY public.bitacora.id;


--
-- Name: campana; Type: TABLE; Schema: public; Owner: postgres
--

CREATE TABLE public.campana (
    id integer NOT NULL,
    descripcion character varying(255),
    fecha_fin timestamp(6) without time zone,
    fecha_inicio timestamp(6) without time zone,
    nombre character varying(255) NOT NULL,
    participantes integer,
    estado_de_campana_id integer NOT NULL
);


ALTER TABLE public.campana OWNER TO postgres;

--
-- Name: campana_id_seq; Type: SEQUENCE; Schema: public; Owner: postgres
--

ALTER TABLE public.campana ALTER COLUMN id ADD GENERATED BY DEFAULT AS IDENTITY (
    SEQUENCE NAME public.campana_id_seq
    START WITH 1
    INCREMENT BY 1
    NO MINVALUE
    NO MAXVALUE
    CACHE 1
);


--
-- Name: categoria_tarea; Type: TABLE; Schema: public; Owner: postgres
--

CREATE TABLE public.categoria_tarea (
    id integer NOT NULL,
    nombre character varying(100) NOT NULL,
    descripcion text
);


ALTER TABLE public.categoria_tarea OWNER TO postgres;

--
-- Name: categoria_tarea_id_seq; Type: SEQUENCE; Schema: public; Owner: postgres
--

CREATE SEQUENCE public.categoria_tarea_id_seq
    AS integer
    START WITH 1
    INCREMENT BY 1
    NO MINVALUE
    NO MAXVALUE
    CACHE 1;


ALTER SEQUENCE public.categoria_tarea_id_seq OWNER TO postgres;

--
-- Name: categoria_tarea_id_seq; Type: SEQUENCE OWNED BY; Schema: public; Owner: postgres
--

ALTER SEQUENCE public.categoria_tarea_id_seq OWNED BY public.categoria_tarea.id;


--
-- Name: evidencia; Type: TABLE; Schema: public; Owner: postgres
--

CREATE TABLE public.evidencia (
    id integer NOT NULL,
    nombre character varying(50),
    url_image character varying(255),
    sub_tarea_id bigint NOT NULL
);


ALTER TABLE public.evidencia OWNER TO postgres;

--
-- Name: evidencia_id_seq; Type: SEQUENCE; Schema: public; Owner: postgres
--

CREATE SEQUENCE public.evidencia_id_seq
    AS integer
    START WITH 1
    INCREMENT BY 1
    NO MINVALUE
    NO MAXVALUE
    CACHE 1;


ALTER SEQUENCE public.evidencia_id_seq OWNER TO postgres;

--
-- Name: evidencia_id_seq; Type: SEQUENCE OWNED BY; Schema: public; Owner: postgres
--

ALTER SEQUENCE public.evidencia_id_seq OWNED BY public.evidencia.id;


--
-- Name: material_descargable; Type: TABLE; Schema: public; Owner: postgres
--

CREATE TABLE public.material_descargable (
    id integer NOT NULL,
    nombre character varying(255),
    tipo character varying(50),
    tamano bigint,
    url character varying(255),
    fecha_creacion timestamp(6) without time zone
);


ALTER TABLE public.material_descargable OWNER TO postgres;

--
-- Name: material_descargable_id_seq; Type: SEQUENCE; Schema: public; Owner: postgres
--

CREATE SEQUENCE public.material_descargable_id_seq
    AS integer
    START WITH 1
    INCREMENT BY 1
    NO MINVALUE
    NO MAXVALUE
    CACHE 1;


ALTER SEQUENCE public.material_descargable_id_seq OWNER TO postgres;

--
-- Name: material_descargable_id_seq; Type: SEQUENCE OWNED BY; Schema: public; Owner: postgres
--

ALTER SEQUENCE public.material_descargable_id_seq OWNED BY public.material_descargable.id;


--
-- Name: recursos; Type: TABLE; Schema: public; Owner: postgres
--

CREATE TABLE public.recursos (
    id integer NOT NULL,
    nombre character varying(255),
    descripcion character varying(500),
    fecha date,
    cantidad integer,
    unidad character varying(255),
    sub_tarea_id bigint NOT NULL
);


ALTER TABLE public.recursos OWNER TO postgres;

--
-- Name: recursos_id_seq; Type: SEQUENCE; Schema: public; Owner: postgres
--

CREATE SEQUENCE public.recursos_id_seq
    AS integer
    START WITH 1
    INCREMENT BY 1
    NO MINVALUE
    NO MAXVALUE
    CACHE 1;


ALTER SEQUENCE public.recursos_id_seq OWNER TO postgres;

--
-- Name: recursos_id_seq; Type: SEQUENCE OWNED BY; Schema: public; Owner: postgres
--

ALTER SEQUENCE public.recursos_id_seq OWNED BY public.recursos.id;


--
-- Name: reportes; Type: TABLE; Schema: public; Owner: postgres
--

CREATE TABLE public.reportes (
    id bigint NOT NULL,
    zona_reporte_id integer,
    fecha timestamp(6) without time zone,
    casos integer,
    tipo_reportes_estado_id integer,
    tipo_reportes_gravedad_id integer,
    descripcion character varying(255)
);


ALTER TABLE public.reportes OWNER TO postgres;

--
-- Name: reportes_id_seq; Type: SEQUENCE; Schema: public; Owner: postgres
--

CREATE SEQUENCE public.reportes_id_seq
    START WITH 1
    INCREMENT BY 1
    NO MINVALUE
    NO MAXVALUE
    CACHE 1;


ALTER SEQUENCE public.reportes_id_seq OWNER TO postgres;

--
-- Name: reportes_id_seq; Type: SEQUENCE OWNED BY; Schema: public; Owner: postgres
--

ALTER SEQUENCE public.reportes_id_seq OWNED BY public.reportes.id;


--
-- Name: sub_tarea; Type: TABLE; Schema: public; Owner: postgres
--

CREATE TABLE public.sub_tarea (
    id bigint NOT NULL,
    nombre character varying(255) NOT NULL,
    descripcion text,
    fecha_planeada date,
    fecha_fin_planeada date,
    estado character varying(50),
    progreso integer,
    resultado text,
    responsable character varying(100),
    asignacion_id bigint NOT NULL
);


ALTER TABLE public.sub_tarea OWNER TO postgres;

--
-- Name: sub_tarea_id_seq; Type: SEQUENCE; Schema: public; Owner: postgres
--

CREATE SEQUENCE public.sub_tarea_id_seq
    START WITH 1
    INCREMENT BY 1
    NO MINVALUE
    NO MAXVALUE
    CACHE 1;


ALTER SEQUENCE public.sub_tarea_id_seq OWNER TO postgres;

--
-- Name: sub_tarea_id_seq; Type: SEQUENCE OWNED BY; Schema: public; Owner: postgres
--

ALTER SEQUENCE public.sub_tarea_id_seq OWNED BY public.sub_tarea.id;


--
-- Name: tarea_intervencion; Type: TABLE; Schema: public; Owner: postgres
--

CREATE TABLE public.tarea_intervencion (
    id bigint NOT NULL,
    nombre character varying(255) NOT NULL,
    descripcion text,
    fecha_inicio date,
    fecha_fin date,
    estado character varying(50),
    responsable character varying(50),
    progreso integer,
    completado boolean DEFAULT false,
    tipo_tarea boolean NOT NULL,
    categoria_tarea_id integer NOT NULL,
    prioridad character varying(50),
    fecha_cierre date,
    calificacion integer
);


ALTER TABLE public.tarea_intervencion OWNER TO postgres;

--
-- Name: tarea_intervencion_id_seq; Type: SEQUENCE; Schema: public; Owner: postgres
--

CREATE SEQUENCE public.tarea_intervencion_id_seq
    START WITH 1
    INCREMENT BY 1
    NO MINVALUE
    NO MAXVALUE
    CACHE 1;


ALTER SEQUENCE public.tarea_intervencion_id_seq OWNER TO postgres;

--
-- Name: tarea_intervencion_id_seq; Type: SEQUENCE OWNED BY; Schema: public; Owner: postgres
--

ALTER SEQUENCE public.tarea_intervencion_id_seq OWNED BY public.tarea_intervencion.id;


--
-- Name: tarea_zona_mitigacion; Type: TABLE; Schema: public; Owner: postgres
--

CREATE TABLE public.tarea_zona_mitigacion (
    id bigint NOT NULL,
    tarea_intervencion_id bigint NOT NULL,
    zona_mitigacion_id integer NOT NULL
);


ALTER TABLE public.tarea_zona_mitigacion OWNER TO postgres;

--
-- Name: tarea_zona_mitigacion_id_seq; Type: SEQUENCE; Schema: public; Owner: postgres
--

CREATE SEQUENCE public.tarea_zona_mitigacion_id_seq
    AS integer
    START WITH 1
    INCREMENT BY 1
    NO MINVALUE
    NO MAXVALUE
    CACHE 1;


ALTER SEQUENCE public.tarea_zona_mitigacion_id_seq OWNER TO postgres;

--
-- Name: tarea_zona_mitigacion_id_seq; Type: SEQUENCE OWNED BY; Schema: public; Owner: postgres
--

ALTER SEQUENCE public.tarea_zona_mitigacion_id_seq OWNED BY public.tarea_zona_mitigacion.id;


--
-- Name: tipo_reportes_estado; Type: TABLE; Schema: public; Owner: postgres
--

CREATE TABLE public.tipo_reportes_estado (
    id integer NOT NULL,
    nombre character varying(255),
    descripcion character varying(255)
);


ALTER TABLE public.tipo_reportes_estado OWNER TO postgres;

--
-- Name: tipo_reportes_estado_id_seq; Type: SEQUENCE; Schema: public; Owner: postgres
--

CREATE SEQUENCE public.tipo_reportes_estado_id_seq
    AS integer
    START WITH 1
    INCREMENT BY 1
    NO MINVALUE
    NO MAXVALUE
    CACHE 1;


ALTER SEQUENCE public.tipo_reportes_estado_id_seq OWNER TO postgres;

--
-- Name: tipo_reportes_estado_id_seq; Type: SEQUENCE OWNED BY; Schema: public; Owner: postgres
--

ALTER SEQUENCE public.tipo_reportes_estado_id_seq OWNED BY public.tipo_reportes_estado.id;


--
-- Name: tipo_reportes_gravedad; Type: TABLE; Schema: public; Owner: postgres
--

CREATE TABLE public.tipo_reportes_gravedad (
    id integer NOT NULL,
    nombre character varying(255),
    descripcion character varying(255)
);


ALTER TABLE public.tipo_reportes_gravedad OWNER TO postgres;

--
-- Name: tipo_reportes_gravedad_id_seq; Type: SEQUENCE; Schema: public; Owner: postgres
--

CREATE SEQUENCE public.tipo_reportes_gravedad_id_seq
    AS integer
    START WITH 1
    INCREMENT BY 1
    NO MINVALUE
    NO MAXVALUE
    CACHE 1;


ALTER SEQUENCE public.tipo_reportes_gravedad_id_seq OWNER TO postgres;

--
-- Name: tipo_reportes_gravedad_id_seq; Type: SEQUENCE OWNED BY; Schema: public; Owner: postgres
--

ALTER SEQUENCE public.tipo_reportes_gravedad_id_seq OWNED BY public.tipo_reportes_gravedad.id;


--
-- Name: tipos_variables_configuracion; Type: TABLE; Schema: public; Owner: postgres
--

CREATE TABLE public.tipos_variables_configuracion (
    id bigint NOT NULL,
    codigo character varying(50) NOT NULL
);


ALTER TABLE public.tipos_variables_configuracion OWNER TO postgres;

--
-- Name: tipos_variables_configuracion_id_seq; Type: SEQUENCE; Schema: public; Owner: postgres
--

CREATE SEQUENCE public.tipos_variables_configuracion_id_seq
    AS integer
    START WITH 1
    INCREMENT BY 1
    NO MINVALUE
    NO MAXVALUE
    CACHE 1;


ALTER SEQUENCE public.tipos_variables_configuracion_id_seq OWNER TO postgres;

--
-- Name: tipos_variables_configuracion_id_seq; Type: SEQUENCE OWNED BY; Schema: public; Owner: postgres
--

ALTER SEQUENCE public.tipos_variables_configuracion_id_seq OWNED BY public.tipos_variables_configuracion.id;


--
-- Name: variables_configuracion; Type: TABLE; Schema: public; Owner: postgres
--

CREATE TABLE public.variables_configuracion (
    id bigint NOT NULL,
    type_id bigint NOT NULL,
    code character varying(100) NOT NULL,
    name character varying(255) NOT NULL,
    enabled boolean DEFAULT true NOT NULL
);


ALTER TABLE public.variables_configuracion OWNER TO postgres;

--
-- Name: variables_configuracion_id_seq; Type: SEQUENCE; Schema: public; Owner: postgres
--

CREATE SEQUENCE public.variables_configuracion_id_seq
    AS integer
    START WITH 1
    INCREMENT BY 1
    NO MINVALUE
    NO MAXVALUE
    CACHE 1;


ALTER SEQUENCE public.variables_configuracion_id_seq OWNER TO postgres;

--
-- Name: variables_configuracion_id_seq; Type: SEQUENCE OWNED BY; Schema: public; Owner: postgres
--

ALTER SEQUENCE public.variables_configuracion_id_seq OWNED BY public.variables_configuracion.id;


--
-- Name: bitacora id; Type: DEFAULT; Schema: public; Owner: postgres
--

ALTER TABLE ONLY public.bitacora ALTER COLUMN id SET DEFAULT nextval('public.bitacora_id_seq'::regclass);


--
-- Name: categoria_tarea id; Type: DEFAULT; Schema: public; Owner: postgres
--

ALTER TABLE ONLY public.categoria_tarea ALTER COLUMN id SET DEFAULT nextval('public.categoria_tarea_id_seq'::regclass);


--
-- Name: evidencia id; Type: DEFAULT; Schema: public; Owner: postgres
--

ALTER TABLE ONLY public.evidencia ALTER COLUMN id SET DEFAULT nextval('public.evidencia_id_seq'::regclass);


--
-- Name: material_descargable id; Type: DEFAULT; Schema: public; Owner: postgres
--

ALTER TABLE ONLY public.material_descargable ALTER COLUMN id SET DEFAULT nextval('public.material_descargable_id_seq'::regclass);


--
-- Name: recursos id; Type: DEFAULT; Schema: public; Owner: postgres
--

ALTER TABLE ONLY public.recursos ALTER COLUMN id SET DEFAULT nextval('public.recursos_id_seq'::regclass);


--
-- Name: reportes id; Type: DEFAULT; Schema: public; Owner: postgres
--

ALTER TABLE ONLY public.reportes ALTER COLUMN id SET DEFAULT nextval('public.reportes_id_seq'::regclass);


--
-- Name: sub_tarea id; Type: DEFAULT; Schema: public; Owner: postgres
--

ALTER TABLE ONLY public.sub_tarea ALTER COLUMN id SET DEFAULT nextval('public.sub_tarea_id_seq'::regclass);


--
-- Name: tarea_intervencion id; Type: DEFAULT; Schema: public; Owner: postgres
--

ALTER TABLE ONLY public.tarea_intervencion ALTER COLUMN id SET DEFAULT nextval('public.tarea_intervencion_id_seq'::regclass);


--
-- Name: tarea_zona_mitigacion id; Type: DEFAULT; Schema: public; Owner: postgres
--

ALTER TABLE ONLY public.tarea_zona_mitigacion ALTER COLUMN id SET DEFAULT nextval('public.tarea_zona_mitigacion_id_seq'::regclass);


--
-- Name: tipo_reportes_estado id; Type: DEFAULT; Schema: public; Owner: postgres
--

ALTER TABLE ONLY public.tipo_reportes_estado ALTER COLUMN id SET DEFAULT nextval('public.tipo_reportes_estado_id_seq'::regclass);


--
-- Name: tipo_reportes_gravedad id; Type: DEFAULT; Schema: public; Owner: postgres
--

ALTER TABLE ONLY public.tipo_reportes_gravedad ALTER COLUMN id SET DEFAULT nextval('public.tipo_reportes_gravedad_id_seq'::regclass);


--
-- Name: tipos_variables_configuracion id; Type: DEFAULT; Schema: public; Owner: postgres
--

ALTER TABLE ONLY public.tipos_variables_configuracion ALTER COLUMN id SET DEFAULT nextval('public.tipos_variables_configuracion_id_seq'::regclass);


--
-- Name: variables_configuracion id; Type: DEFAULT; Schema: public; Owner: postgres
--

ALTER TABLE ONLY public.variables_configuracion ALTER COLUMN id SET DEFAULT nextval('public.variables_configuracion_id_seq'::regclass);


--
-- Data for Name: bitacora; Type: TABLE DATA; Schema: public; Owner: postgres
--

COPY public.bitacora (id, nombre, descripcion, fecha, sub_tarea_id) FROM stdin;
\.


--
-- Data for Name: campana; Type: TABLE DATA; Schema: public; Owner: postgres
--

COPY public.campana (id, descripcion, fecha_fin, fecha_inicio, nombre, participantes, estado_de_campana_id) FROM stdin;
\.


--
-- Data for Name: categoria_tarea; Type: TABLE DATA; Schema: public; Owner: postgres
--

COPY public.categoria_tarea (id, nombre, descripcion) FROM stdin;
1	Vigilancia	Actividades de vigilancia
2	Jornada/Campaña	Jornadas o campañas de salud
3	Comunidad	Acciones con comunidad
4	Operativa	Actividades operativas
\.


--
-- Data for Name: evidencia; Type: TABLE DATA; Schema: public; Owner: postgres
--

COPY public.evidencia (id, nombre, url_image, sub_tarea_id) FROM stdin;
\.


--
-- Data for Name: material_descargable; Type: TABLE DATA; Schema: public; Owner: postgres
--

COPY public.material_descargable (id, nombre, tipo, tamano, url, fecha_creacion) FROM stdin;
\.


--
-- Data for Name: recursos; Type: TABLE DATA; Schema: public; Owner: postgres
--

COPY public.recursos (id, nombre, descripcion, fecha, cantidad, unidad, sub_tarea_id) FROM stdin;
\.


--
-- Data for Name: reportes; Type: TABLE DATA; Schema: public; Owner: postgres
--

COPY public.reportes (id, zona_reporte_id, fecha, casos, tipo_reportes_estado_id, tipo_reportes_gravedad_id, descripcion) FROM stdin;
\.


--
-- Data for Name: sub_tarea; Type: TABLE DATA; Schema: public; Owner: postgres
--

COPY public.sub_tarea (id, nombre, descripcion, fecha_planeada, fecha_fin_planeada, estado, progreso, resultado, responsable, asignacion_id) FROM stdin;
1	Aplicar larvicidas químicos en criaderos específicos donde no es viable eliminar el agua acumulada, como sumideros.	Aplicar larvicidas químicos en criaderos específicos donde no es viable eliminar el agua acumulada, como sumideros.	2026-04-24	2026-05-14	planeada	0	\N	Johnny 	1
2	Realizar identificación focalizada de criaderos mediante inspección directa y herramientas tecnológicas para orientar acciones de control.	Realizar identificación focalizada de criaderos mediante inspección directa y herramientas tecnológicas para orientar acciones de control.	2026-04-26	2026-04-30	planeada	0	\N	Pedro Peres	2
3	Aplicar adulticidas químicos como malatión o deltametrina para el control rápido de mosquitos adultos durante brotes o aumentos significativos en la transmisión.	Aplicar adulticidas químicos como malatión o deltametrina para el control rápido de mosquitos adultos durante brotes o aumentos significativos en la transmisión. De color azul con verde.	2026-05-04	2026-05-08	planeada	0	\N	Clara 	3
4	Implementar rápidamente protocolos de triage y fortalecer la capacitación del personal de salud para mejorar la atención oportuna de casos de dengue, especialmente los graves.	Implementar rápidamente protocolos de triage y fortalecer la capacitación del personal de salud para mejorar la atención oportuna de casos de dengue, especialmente los graves.	2026-05-08	2026-05-15	planeada	0	\N	Clara	4
5	Aplicar adulticidas químicos como malatión o deltametrina para el control rápido de mosquitos adultos durante brotes o aumentos significativos en la transmisión.	Aplicar adulticidas químicos como malatión o deltametrina para el control rápido de mosquitos adultos durante brotes o aumentos significativos en la transmisión.	2026-05-23	2026-05-30	planeada	0	\N	Daniel Osorio	5
\.


--
-- Data for Name: tarea_intervencion; Type: TABLE DATA; Schema: public; Owner: postgres
--

COPY public.tarea_intervencion (id, nombre, descripcion, fecha_inicio, fecha_fin, estado, responsable, progreso, completado, tipo_tarea, categoria_tarea_id, prioridad, fecha_cierre, calificacion) FROM stdin;
1	Aplicar larvicidas químicos en criaderos específicos donde no es viable eliminar el agua acumulada, como sumideros.	Aplicar larvicidas químicos en criaderos específicos donde no es viable eliminar el agua acumulada, como sumideros.	2026-04-24	2026-05-14	Pendiente	Johnny 	\N	f	t	1	Media	\N	0
2	Realizar identificación focalizada de criaderos mediante inspección directa y herramientas tecnológicas para orientar acciones de control.	Realizar identificación focalizada de criaderos mediante inspección directa y herramientas tecnológicas para orientar acciones de control.	2026-04-26	2026-04-30	Pendiente	Pedro Peres	\N	f	t	1	Media	\N	0
3	Aplicar adulticidas químicos como malatión o deltametrina para el control rápido de mosquitos adultos durante brotes o aumentos significativos en la transmisión.	Aplicar adulticidas químicos como malatión o deltametrina para el control rápido de mosquitos adultos durante brotes o aumentos significativos en la transmisión. De color azul con verde.	2026-05-04	2026-05-08	Pendiente	Clara 	0	f	t	1	Media	2026-05-08	0
4	Implementar rápidamente protocolos de triage y fortalecer la capacitación del personal de salud para mejorar la atención oportuna de casos de dengue, especialmente los graves.	Implementar rápidamente protocolos de triage y fortalecer la capacitación del personal de salud para mejorar la atención oportuna de casos de dengue, especialmente los graves.	2026-05-08	2026-05-15	Pendiente	Clara	\N	f	t	1	Media	\N	0
5	Aplicar adulticidas químicos como malatión o deltametrina para el control rápido de mosquitos adultos durante brotes o aumentos significativos en la transmisión.	Aplicar adulticidas químicos como malatión o deltametrina para el control rápido de mosquitos adultos durante brotes o aumentos significativos en la transmisión.	2026-05-23	2026-05-30	Pendiente	Daniel Osorio	\N	f	t	1	Alta	\N	0
\.


--
-- Data for Name: tarea_zona_mitigacion; Type: TABLE DATA; Schema: public; Owner: postgres
--

COPY public.tarea_zona_mitigacion (id, tarea_intervencion_id, zona_mitigacion_id) FROM stdin;
1	1	129
2	2	330
4	3	330
5	4	221
6	5	31
\.


--
-- Data for Name: tipo_reportes_estado; Type: TABLE DATA; Schema: public; Owner: postgres
--

COPY public.tipo_reportes_estado (id, nombre, descripcion) FROM stdin;
1	Activo	Brote activo
2	Investigando	En investigación
3	Controlado	Brote controlado
\.


--
-- Data for Name: tipo_reportes_gravedad; Type: TABLE DATA; Schema: public; Owner: postgres
--

COPY public.tipo_reportes_gravedad (id, nombre, descripcion) FROM stdin;
1	Dengue sin signos de alarma	Síntomas leves
2	Dengue con signos de alarma	Requiere supervisión
3	Dengue grave	Requiere hospitalización
\.


--
-- Data for Name: tipos_variables_configuracion; Type: TABLE DATA; Schema: public; Owner: postgres
--

COPY public.tipos_variables_configuracion (id, codigo) FROM stdin;
1	VISUALIZATION_VAR_ACTUAL_MAP
2	VISUALIZATION_VAR_PREDICTIVE_MAP
3	VISUALIZATION_VAR_ENDEMIC_MAP
4	GRANULARITY_ACTUAL_MAP
5	GRANULARITY_PREDICTIVE_MAP
6	GRANULARITY_PRESCRIPTIVE_MAP
7	GRANULARITY_ENDEMIC_CHANNEL
8	GRANULARITY_ENDEMIC_CHANNEL_GRAPH
\.


--
-- Data for Name: variables_configuracion; Type: TABLE DATA; Schema: public; Owner: postgres
--

COPY public.variables_configuracion (id, type_id, code, name, enabled) FROM stdin;
1	4	pixel	Por píxel	t
2	4	barrio	Por barrio	t
3	4	comuna	Por comuna	t
4	5	pixel	Por píxel	t
7	6	pixel	Por píxel	f
8	6	barrio	Por barrio	t
9	6	comuna	Por comuna	f
11	7	barrio	Por barrio	t
12	7	comuna	Por comuna	t
13	1	total_casos	Casos de dengue	t
14	1	temperatura	Temperatura (°C)	t
15	1	precipitacion	Precipitación (mm)	t
16	1	temp_rocio	Temperatura de rocío (°C)	t
17	1	hr	Humedad relativa (%)	t
18	1	ws	Velocidad del viento (m/s)	t
19	1	rad_solar	Radiación solar (W/m²)	t
22	1	temperatura_min	Temperatura mínima (°C)	t
23	1	temperatura_max	Temperatura máxima (°C)	t
24	1	total_cortes	Cortes de agua	t
25	1	total_fallecimientos	Fallecimientos por dengue	t
26	1	total_arboles	Número de árboles	t
27	1	ocupacion_hospitalaria	Ocupación hospitalaria (IPS)	t
28	3	zona_riesgo_clasificacion	Zona de riesgo	t
29	3	percentil_25	Percentil 25	t
30	3	percentil_50	Percentil 50	t
31	3	percentil_75	Percentil 75	t
32	2	predict_w1	Tasa de incidencia predicha	t
33	2	predict_w2	Tasa de incidencia predicha	t
34	2	predict_w3	Tasa de incidencia predicha	t
35	2	predict_avg	Tasa de incidencia predicha (promedio)	t
5	5	barrio	Por barrio	f
6	5	comuna	Por comuna	f
20	1	ndvi	NDVI (Índice de Vegetación de Diferencia Normalizada)	t
21	1	ndwi	NDWI (Índice de Agua de Diferencia Normalizada)	t
10	7	pixel	Por píxel	f
36	8	GENERAL	General	t
37	8	COMUNA	Comuna	t
38	8	BARRIO	Barrio	t
39	8	PIXEL	Pixel	t
\.


--
-- Name: bitacora_id_seq; Type: SEQUENCE SET; Schema: public; Owner: postgres
--

SELECT pg_catalog.setval('public.bitacora_id_seq', 1, false);


--
-- Name: campana_id_seq; Type: SEQUENCE SET; Schema: public; Owner: postgres
--

SELECT pg_catalog.setval('public.campana_id_seq', 1, false);


--
-- Name: categoria_tarea_id_seq; Type: SEQUENCE SET; Schema: public; Owner: postgres
--

SELECT pg_catalog.setval('public.categoria_tarea_id_seq', 1, false);


--
-- Name: evidencia_id_seq; Type: SEQUENCE SET; Schema: public; Owner: postgres
--

SELECT pg_catalog.setval('public.evidencia_id_seq', 1, false);


--
-- Name: material_descargable_id_seq; Type: SEQUENCE SET; Schema: public; Owner: postgres
--

SELECT pg_catalog.setval('public.material_descargable_id_seq', 1, false);


--
-- Name: recursos_id_seq; Type: SEQUENCE SET; Schema: public; Owner: postgres
--

SELECT pg_catalog.setval('public.recursos_id_seq', 1, false);


--
-- Name: reportes_id_seq; Type: SEQUENCE SET; Schema: public; Owner: postgres
--

SELECT pg_catalog.setval('public.reportes_id_seq', 1, false);


--
-- Name: sub_tarea_id_seq; Type: SEQUENCE SET; Schema: public; Owner: postgres
--

SELECT pg_catalog.setval('public.sub_tarea_id_seq', 5, true);


--
-- Name: tarea_intervencion_id_seq; Type: SEQUENCE SET; Schema: public; Owner: postgres
--

SELECT pg_catalog.setval('public.tarea_intervencion_id_seq', 5, true);


--
-- Name: tarea_zona_mitigacion_id_seq; Type: SEQUENCE SET; Schema: public; Owner: postgres
--

SELECT pg_catalog.setval('public.tarea_zona_mitigacion_id_seq', 6, true);


--
-- Name: tipo_reportes_estado_id_seq; Type: SEQUENCE SET; Schema: public; Owner: postgres
--

SELECT pg_catalog.setval('public.tipo_reportes_estado_id_seq', 1, false);


--
-- Name: tipo_reportes_gravedad_id_seq; Type: SEQUENCE SET; Schema: public; Owner: postgres
--

SELECT pg_catalog.setval('public.tipo_reportes_gravedad_id_seq', 1, false);


--
-- Name: tipos_variables_configuracion_id_seq; Type: SEQUENCE SET; Schema: public; Owner: postgres
--

SELECT pg_catalog.setval('public.tipos_variables_configuracion_id_seq', 8, true);


--
-- Name: variables_configuracion_id_seq; Type: SEQUENCE SET; Schema: public; Owner: postgres
--

SELECT pg_catalog.setval('public.variables_configuracion_id_seq', 39, true);


--
-- Name: bitacora bitacora_pkey; Type: CONSTRAINT; Schema: public; Owner: postgres
--

ALTER TABLE ONLY public.bitacora
    ADD CONSTRAINT bitacora_pkey PRIMARY KEY (id);


--
-- Name: campana campana_pkey; Type: CONSTRAINT; Schema: public; Owner: postgres
--

ALTER TABLE ONLY public.campana
    ADD CONSTRAINT campana_pkey PRIMARY KEY (id);


--
-- Name: categoria_tarea categoria_tarea_pkey; Type: CONSTRAINT; Schema: public; Owner: postgres
--

ALTER TABLE ONLY public.categoria_tarea
    ADD CONSTRAINT categoria_tarea_pkey PRIMARY KEY (id);


--
-- Name: evidencia evidencia_pkey; Type: CONSTRAINT; Schema: public; Owner: postgres
--

ALTER TABLE ONLY public.evidencia
    ADD CONSTRAINT evidencia_pkey PRIMARY KEY (id);


--
-- Name: material_descargable material_descargable_pkey; Type: CONSTRAINT; Schema: public; Owner: postgres
--

ALTER TABLE ONLY public.material_descargable
    ADD CONSTRAINT material_descargable_pkey PRIMARY KEY (id);


--
-- Name: recursos recursos_pkey; Type: CONSTRAINT; Schema: public; Owner: postgres
--

ALTER TABLE ONLY public.recursos
    ADD CONSTRAINT recursos_pkey PRIMARY KEY (id);


--
-- Name: reportes reportes_pkey; Type: CONSTRAINT; Schema: public; Owner: postgres
--

ALTER TABLE ONLY public.reportes
    ADD CONSTRAINT reportes_pkey PRIMARY KEY (id);


--
-- Name: sub_tarea sub_tarea_pkey; Type: CONSTRAINT; Schema: public; Owner: postgres
--

ALTER TABLE ONLY public.sub_tarea
    ADD CONSTRAINT sub_tarea_pkey PRIMARY KEY (id);


--
-- Name: tarea_intervencion tarea_intervencion_pkey; Type: CONSTRAINT; Schema: public; Owner: postgres
--

ALTER TABLE ONLY public.tarea_intervencion
    ADD CONSTRAINT tarea_intervencion_pkey PRIMARY KEY (id);


--
-- Name: tarea_zona_mitigacion tarea_zona_mitigacion_pkey; Type: CONSTRAINT; Schema: public; Owner: postgres
--

ALTER TABLE ONLY public.tarea_zona_mitigacion
    ADD CONSTRAINT tarea_zona_mitigacion_pkey PRIMARY KEY (id);


--
-- Name: tipo_reportes_estado tipo_reportes_estado_pkey; Type: CONSTRAINT; Schema: public; Owner: postgres
--

ALTER TABLE ONLY public.tipo_reportes_estado
    ADD CONSTRAINT tipo_reportes_estado_pkey PRIMARY KEY (id);


--
-- Name: tipo_reportes_gravedad tipo_reportes_gravedad_pkey; Type: CONSTRAINT; Schema: public; Owner: postgres
--

ALTER TABLE ONLY public.tipo_reportes_gravedad
    ADD CONSTRAINT tipo_reportes_gravedad_pkey PRIMARY KEY (id);


--
-- Name: tipos_variables_configuracion tipos_variables_configuracion_codigo_key; Type: CONSTRAINT; Schema: public; Owner: postgres
--

ALTER TABLE ONLY public.tipos_variables_configuracion
    ADD CONSTRAINT tipos_variables_configuracion_codigo_key UNIQUE (codigo);


--
-- Name: tipos_variables_configuracion tipos_variables_configuracion_pkey; Type: CONSTRAINT; Schema: public; Owner: postgres
--

ALTER TABLE ONLY public.tipos_variables_configuracion
    ADD CONSTRAINT tipos_variables_configuracion_pkey PRIMARY KEY (id);


--
-- Name: tarea_zona_mitigacion uq_tarea_zona; Type: CONSTRAINT; Schema: public; Owner: postgres
--

ALTER TABLE ONLY public.tarea_zona_mitigacion
    ADD CONSTRAINT uq_tarea_zona UNIQUE (tarea_intervencion_id, zona_mitigacion_id);


--
-- Name: variables_configuracion variables_configuracion_pkey; Type: CONSTRAINT; Schema: public; Owner: postgres
--

ALTER TABLE ONLY public.variables_configuracion
    ADD CONSTRAINT variables_configuracion_pkey PRIMARY KEY (id);


--
-- Name: bitacora fk_bitacora_subtarea; Type: FK CONSTRAINT; Schema: public; Owner: postgres
--

ALTER TABLE ONLY public.bitacora
    ADD CONSTRAINT fk_bitacora_subtarea FOREIGN KEY (sub_tarea_id) REFERENCES public.sub_tarea(id);


--
-- Name: reportes fk_estado_reporte; Type: FK CONSTRAINT; Schema: public; Owner: postgres
--

ALTER TABLE ONLY public.reportes
    ADD CONSTRAINT fk_estado_reporte FOREIGN KEY (tipo_reportes_estado_id) REFERENCES public.tipo_reportes_estado(id);


--
-- Name: evidencia fk_evidencia_subtarea; Type: FK CONSTRAINT; Schema: public; Owner: postgres
--

ALTER TABLE ONLY public.evidencia
    ADD CONSTRAINT fk_evidencia_subtarea FOREIGN KEY (sub_tarea_id) REFERENCES public.sub_tarea(id);


--
-- Name: reportes fk_gravedad_reporte; Type: FK CONSTRAINT; Schema: public; Owner: postgres
--

ALTER TABLE ONLY public.reportes
    ADD CONSTRAINT fk_gravedad_reporte FOREIGN KEY (tipo_reportes_gravedad_id) REFERENCES public.tipo_reportes_gravedad(id);


--
-- Name: recursos fk_recursos_subtarea; Type: FK CONSTRAINT; Schema: public; Owner: postgres
--

ALTER TABLE ONLY public.recursos
    ADD CONSTRAINT fk_recursos_subtarea FOREIGN KEY (sub_tarea_id) REFERENCES public.sub_tarea(id);


--
-- Name: sub_tarea fk_tarea; Type: FK CONSTRAINT; Schema: public; Owner: postgres
--

ALTER TABLE ONLY public.sub_tarea
    ADD CONSTRAINT fk_tarea FOREIGN KEY (asignacion_id) REFERENCES public.tarea_intervencion(id);


--
-- Name: tarea_zona_mitigacion fk_tarea_intervencion; Type: FK CONSTRAINT; Schema: public; Owner: postgres
--

ALTER TABLE ONLY public.tarea_zona_mitigacion
    ADD CONSTRAINT fk_tarea_intervencion FOREIGN KEY (tarea_intervencion_id) REFERENCES public.tarea_intervencion(id) ON DELETE CASCADE;


--
-- Name: tarea_intervencion fk_tipo_categoria; Type: FK CONSTRAINT; Schema: public; Owner: postgres
--

ALTER TABLE ONLY public.tarea_intervencion
    ADD CONSTRAINT fk_tipo_categoria FOREIGN KEY (categoria_tarea_id) REFERENCES public.categoria_tarea(id);


--
-- Name: variables_configuracion fk_tipo_variable_config; Type: FK CONSTRAINT; Schema: public; Owner: postgres
--

ALTER TABLE ONLY public.variables_configuracion
    ADD CONSTRAINT fk_tipo_variable_config FOREIGN KEY (type_id) REFERENCES public.tipos_variables_configuracion(id);


--
-- Name: SCHEMA public; Type: ACL; Schema: -; Owner: pg_database_owner
--

REVOKE USAGE ON SCHEMA public FROM PUBLIC;
GRANT ALL ON SCHEMA public TO postgres;
GRANT ALL ON SCHEMA public TO PUBLIC;


--
-- PostgreSQL database dump complete
--

\unrestrict KWBJcfmaRoKPkHzrpY0OuXsmwdxhJRTYtXFRocQ2rm5F2x2KJ8nZrmgsLv9pNaV

